Name,genotype,treatment,weight,TG 18:1_18:2_18:2,TG 16:0_18:1_18:2,TG 54:4,TG 16:0_18:1_18:1,TG 16:1_18:1_18:2,TG 18:0_18:1_18:2,PC 16:0_18:2,PC 16:0_22:6,TG 16:0_16:0_18:2,TG 54:2,TG 16:0_16:1_18:2,PC 18:0_18:2,PC 16:0_20:4,TG 16:0_16:0_18:1,TG 16:1_18:2_18:2,TG 16:0_18:0_18:1,TG 16:0_18:1_22:6,PC 16:0_18:1,PC 18:0_20:4,TG 54:6,PC 18:1_18:2,TG 18:2_18:2_18:3,TG 18:1_18:2_22:6,PC 18:0_22:6,PC 18:2_18:2,PE 16:0_22:6,TG 54:7,TG 18:0_18:0_18:1,TG 14:0_18:2_18:2,TG 16:0_16:0_22:6,TG 14:0_16:0_18:2,TG 54:6.1,TG 56:2,TG 56:7,TG 18:2_18:2_22:6,TG 16:0_16:2_18:2,TG 48:1,TG 56:7.1,PC 16:0_22:5,TG 16:1_18:2_18:3,PE 18:0_22:6,PE 18:0_20:4,TG 16:0_18:2_20:5,TG 53:2,TG 51:3,TG 56:5,TG 16:0_16:1_22:6,PC 16:1_18:2,TG 56:6,TG 17:0_18:1_18:2,TG 56:3,PC 16:0_20:3,TG 56:4,PC 18:1_22:6,TG 53:3,PC 16:0_16:0,TG 56:9,TG 18:1_18:2_19:0,TG 50:4,PC 18:1_18:1,TG 17:1_18:1_18:2,TG 56:8,TG 58:8,PE 18:0_18:2,TG 54:7.1,SM d40:1,TG 17:0_18:2_18:2,TG 14:0_16:1_18:2,TG 16:0_16:0_16:0,TG 51:2,TG 53:4,PE 18:1_22:6,PC 15:0_18:1(d7),TG 56:6.1,TG 18:0_18:1_22:6,SM d42:2,PC 18:0_18:1,TG 51:4,PC 16:0_20:5,TG 58:11,PE 16:0_18:2,TG 56:5.1,PE 16:0_20:4,PC 16:0_16:1,TG 54:8,SM d34:1,TG 17:1_18:2_18:2,PC 16:1_18:2.1,TG 16:0_17:0_18:1,TG 58:8.1,PC 18:0_20:3,TG 55:4,PC 18:2_18:3,TG 60:12,PC 18:2_22:6,PC 18:2_20:4,TG 16:1_16:2_18:2,TG 49:2,TG 50:1,PC 16:0_18:3,PC 17:0_18:2,SM d42:1,TG 56:9.1,TG 52:7,PE 38:5,TG 58:6,TG 14:1_16:0_18:2,LPC 16:0/0:0,TG 16:0_16:3_18:2,PC 16:1_22:6,TG 12:0_16:0_18:2,SM d18:1_18:0,TG 48:4,TG 54:8.1,TG 56:10,TG 52:4,PC 18:0_22:5,TG 58:5,PC 32:2,TG 52:1,PE 18:1_18:2,TG 15:0_16:0_18:1,TG 60:7,PC 15:0_18:2,TG 56:8.1,PC 18:1_20:5,TG 56:10.1,TG 62:14,PC 17:0_22:6,SM d41:1,PC 18:0_20:5,LPC 18:0/0:0,PE 18:1_18:2.1,TG 49:2.1,PC 38:3,TG 50:6,TG 56:4.1,TG 60:13,PE 18:2_18:2,PC 16:1_20:4,DG 18:2_18:2,TG 52:7.1,DG 18:1_18:2,PC 17:0_20:4,SM d38:1,PC 17:1_18:2,PC 17:0_18:2.1,SM d42:3,TG 48:4.1,SM d18:1_18:1(d9),PC 20:0_18:2,TG 14:2_16:0_18:2,PC 38:4,PC 19:0_18:2,TG 54:9,LPC 0:0/18:2,PE 18:0_20:5,PC 16:0_17:1,PC 16:0_18:0,TG 58:12,TG 48:5,ACar 16:0,PC 38:4.1,DG 16:0_18:2,PE 16:1_18:2,ACar 18:1,PE 18:0_22:5,PC 15:0_22:6,SM d42:1.1,TG 46:3,PC 35:1,PC 14:0_16:0,DG 18:2_22:6,TG 14:2_18:2_18:2,PE 18:2_22:6,TG 12:0_14:0_18:2,TG 12:0_16:0_18:2.1,LPC 18:1/0:0(d7),TG 12:1_16:0_18:2,PC 15:0_20:4,PC 14:0_22:6,TG 12:1_16:0_18:2.1,TG 52:8,PC 38:2,SM d40:2,PC 18:2_22:5,ACar 18:2,PE 18:0_20:3,PE 38:7,PC 16:1_18:3,PE 34:1,TG 50:6.1,SM d39:1,PE 36:5,ACar 18:0,SM d40:2.1,PE 39:6,PE 36:2,TG 46:4,TG 54:9.1,PC 20:0_20:4,TG 50:7,TG 52:8.1,PC 39:4,PC 34:4,PC 20:4_22:6,LPC 0:0/22:6,PC 42:6,PE 36:1,TG 50:7.1,PE 38:6,PC 39:7,PC 40:6,LPC 0:0/20:4,PC 40:9,LPC 0:0/18:1,PC 18:0_22:6.1,LPC 18:1/0:0,PE 38:6.1,ACar 14:0,ACar 20:1,PC 36:6,PC 34:4.1,LPC 0:0/16:0,ACar 20:2,PE 36:3,TG 15:0_18:1(d7)_15:0,PE 15:0_18:1(d7)
1,Control,RT,8.6,792870,2230748,721699,1238797,1768839,533161,8070756,3147582,207271,276713,183236,1981421,1683710,201675,133374,142599,323825,1158632,733161,331530,600173,96057,293177,569341,471241,1407310,96101,70581,40788,49230,19054,67209,78202,326810,179387,40767,16743,145105,298563,30037,587284,1243186,105079,36140,48336,90844,43530,164556,76608,40634,182310,422558,188109,306807,40634,163780,39383,25845,33157,95739,30774,50345,101076,196397,104873,149844,28652,8910,29011,21945,28536,282902,115610,19647,29881,110531,91330,26843,260154,34832,79011,50604,4937356,74352,15816,56652,21399,48591,14309,46144,159655,11417,71297,24277,99372,112359,5349,9685,6028,66891,85566,101687,33379,4802,263395,NA,7739,38083,1746,49046,4496,10370,2592,29397,10891,18376,43016,45761,21582,15197,64232,8351,14567,48197,27118,56981,10925,40814,38502,46612,85456,25913,64206,7448,45818,1610,20547,13988,13370,29186,77210,4833,92859,31773,14042,24679,23821,13778,5545,19183,59808,1558,36746,39092,2435,19843,50050,21344,16499,12986,6638,1484,55524,79231,6648,2815,28378,22300,14672,2156,14016,8799,64780,2228,78752,1884,4540,12236,2988,23254,6555,2147,5588,21028,9425,13710,2229,23959,26866,2954,8169,5958,11659,63020,1401,9816,23790,20879,3146,6859,16655,37270,5486,15573,11562,13925,8727,21057,12893,6976,28461,9596,16973,4889,7081,4486,12460,4595,38142,1815,NA,18238,12732,1901,4859,715185,97532,11483
2,Control,RT,13,1782703,3461947,1382595,1638980,3155259,786314,13847244,5535523,346102,346502,349164,3057453,3786063,298433,268408,161744,370121,2058914,1225645,783203,1069864,206901,464286,773377,1078417,3081966,206901,78689,92356,78091,35095,108732,85720,369430,325222,92308,31262,233729,569943,60447,988396,1920548,126648,46590,66833,151827,47833,319906,114894,57944,227915,628598,304724,436110,57944,262824,67811,30992,69020,171199,39592,91325,145558,259013,126648,228082,40720,17831,43790,24759,40698,553183,138258,28823,33854,185989,137592,42974,370452,53889,147579,69097,7982241,138625,25134,87791,32222,93352,22350,82774,199193,23849,157747,27034,185259,211457,14866,11465,12474,160183,115801,145421,44394,8095,389012,13309,13419,70394,13258,81585,8628,12292,13101,44846,5466,21846,69419,60799,44052,26613,89706,10379,15614,71390,39430,102413,9408,53043,53837,63441,112772,37387,89676,11465,70727,3575,36238,18427,40352,51085,374384,5360,379954,45467,19744,42269,38314,22078,11175,21430,81301,7510,55797,56252,4530,39599,69846,33129,25280,20667,9194,3493,70019,246703,15280,6095,42757,30165,23542,2711,26390,15431,228242,3575,142285,4109,6062,11945,5294,46421,13611,2711,8314,26826,12020,19994,3727,34992,47013,8738,14107,6816,16082,118409,3493,9220,35147,27614,2062,4496,22845,51759,6021,22157,17627,26036,14609,26669,16016,7635,674879,11715,22177,11832,10711,7808,18874,7380,54081,2011,2442,18534,15578,3450,5329,1256672,107475,12140
3,Control,RT,11.7,1324524,3755971,1093096,1830618,3287228,811755,10681957,4528474,418281,430653,337131,2880332,2278000,354722,195148,224754,628453,1443414,1082917,571526,588454,166149,524156,921390,533013,1931765,166149,103148,79700,96082,35031,128596,113586,628453,369948,80211,33499,281202,346295,47122,909350,1812048,210149,46712,67996,132450,76381,170682,137159,64463,282162,505613,272675,319863,64463,193818,53452,34437,54462,95952,47258,113479,181401,261585,210149,210230,47258,14195,40319,25342,47258,295483,132334,36949,52693,130644,127135,41466,315668,69699,121567,73029,6466156,90405,24250,79271,28773,67927,25567,76759,210929,13852,89575,54989,128568,126888,13751,14684,14447,137797,101186,138990,63250,6967,307980,15530,11715,53279,10721,47374,7325,9407,12388,53039,12334,21071,55119,59985,29068,22621,41383,9369,17335,53012,33347,64408,16082,82567,53549,59497,112745,34618,41383,14812,35624,3006,17828,30633,25015,19266,88290,6139,87036,37462,16162,20243,26975,17310,10892,21325,82779,6567,38811,46217,4911,19770,83398,22388,18617,21106,7777,3276,54977,90381,8252,4762,31435,22862,17434,3663,18397,9585,82297,3015,85447,3916,5576,13859,4340,27994,10006,3663,7722,24171,12060,15227,2585,29215,25277,4918,8416,7236,12073,98607,3603,11088,28269,22254,1439,2773,21975,74298,6077,18090,13717,14509,7294,31339,13723,6766,339001,8788,17411,5896,8519,3940,14565,5338,42067,1746,2619,16695,13536,2368,5175,885282,108656,12278
4,HNF4a KO,RT,13.4,12510089,11787722,13181002,8009605,7716221,12645610,7760765,5412480,1361656,8413261,1318762,2070653,1457484,1203912,861265,2519122,1749288,1672527,873847,4492613,1060858,614096,1475132,1080425,522603,1563188,614096,1850828,299591,513858,131600,283200,1160882,1749288,758013,299591,129630,1047749,376676,188481,885942,1296921,141195,404895,143963,1955085,284119,317090,844873,362701,2680205,163475,3648432,327505,362701,237989,192181,266340,173230,280245,183656,329746,858157,207571,141195,147565,181329,54506,65907,87539,184141,343551,137831,534689,533421,152946,206105,53906,82315,83992,44637,625125,4752268,115830,45085,120063,73245,69667,105233,676069,41729,157140,76158,236086,82155,52301,35508,25456,39811,32681,73169,65648,121959,12723,662117,221262,15809,27390,38380,111137,14708,134172,13978,96783,17753,47097,58694,391957,72719,60454,39386,20076,251616,36676,62897,33249,29616,85280,53369,32697,44116,22073,39453,25456,31779,2542,324786,23165,14042,37044,75622,4999,107111,18786,42910,17225,19033,39152,7838,25074,19929,4276,37769,5618,4808,9259,36985,15902,28604,16309,8644,4103,25841,56089,6390,7108,32135,28144,8722,3392,24792,23714,27156,2542,40981,3660,7088,16241,9071,19124,26818,3255,8041,24774,12993,15864,1805,17544,21162,8901,6780,7882,7504,26482,6444,8099,17765,23272,1822,6465,1826,68358,6881,2215,14689,4885,5458,7745,15534,7308,325181,9162,14733,3568,6754,3507,15030,4491,26705,2130,1691,15004,11251,1935,5953,1018647,110475,11352
5,HNF4a KO,RT,11.7,15052715,14727949,14669958,9540091,10668098,13672825,8149764,4865171,2121579,8453087,1881057,1889218,1700459,1745093,1246008,3175052,2671996,1563287,781670,6211735,939470,812973,1910104,892607,476742,1857787,812973,1792004,375382,884629,192818,422798,855452,2671996,911027,375382,187384,1507447,367433,271130,832169,1172919,277723,400391,187638,2211698,495356,319573,1192127,399592,2207624,162143,3395756,293629,399592,204959,242359,215254,232925,220205,216142,375785,668453,238600,277732,107344,215297,71543,91727,113981,216142,346717,142512,825936,684474,122912,164414,78311,67582,91810,63606,782098,4955686,109871,53208,132907,101478,65048,117324,907951,34975,154840,65573,308124,76142,43461,32132,27278,57222,38471,65588,41035,180690,20324,584065,282727,19103,28090,17816,102789,18581,207274,15664,109322,21835,73292,42142,321419,62816,96932,40901,27643,281838,30190,77938,19063,33584,95656,40799,19199,31991,19871,42194,30831,23971,5812,336497,24424,15985,38131,81459,12666,105615,16546,44107,14874,17900,44149,9892,25468,17555,9892,29451,4464,5450,10402,35843,12197,18533,16774,10370,12128,23768,64777,8532,16069,35357,21273,7189,4939,17886,23112,29366,3848,38392,4821,18491,14405,9164,20354,20349,4939,8936,20368,7783,16064,6601,16364,35858,5688,7594,10956,5024,30024,11917,5683,18642,23946,1245,11255,1470,69303,7360,2048,12527,4193,4612,4841,15403,7491,293043,6083,13049,3097,4792,3890,12467,2925,24251,2889,3043,14415,13498,2664,4897,940880,102476,10625
6,HNF4a KO,RT,13.2,14311678,14543782,14000512,9278927,10090844,13820247,8661127,5539891,1952701,8820316,1695546,2014932,1971742,1688617,1045332,3293720,1434901,1646040,903660,5703800,1012951,737277,920914,948320,516294,2031789,737277,2131698,394341,484336,184495,328285,1111881,1309837,529024,394341,180141,919658,387130,236490,918614,1257158,242658,426005,188100,1973211,218002,289631,674734,407085,2478939,161056,3432981,325116,407085,233199,176307,262612,223216,225334,215474,270974,528274,235320,242647,174890,216935,69045,98986,105917,215474,385081,130227,440628,345450,144249,182483,83896,91154,52299,61532,510630,5290796,110797,44888,131653,87924,67112,133880,435450,24012,152952,57805,173009,76790,47589,45996,30412,54984,46520,73258,75287,101339,20315,629999,166413,20760,31117,46060,103160,19487,141040,15732,84091,16988,57161,45315,314644,71705,88455,40013,19060,134140,37374,53272,24240,22209,45249,47168,36500,40285,22617,42855,30412,10550,2658,295347,15060,20272,35828,79681,5090,106141,23469,41708,16918,17122,41117,10928,23225,17271,3698,30940,NA,4401,8756,39628,14979,25204,17210,11403,12223,21836,67935,5469,15594,29923,28237,8338,1329,23604,23500,17978,2658,37477,3972,20356,14245,9268,23111,25716,1329,7957,24890,14378,12694,5509,17059,35177,9108,9705,10463,7275,27944,11632,7770,20329,25333,2038,6694,2724,69336,10503,1840,16906,NA,5317,7581,14357,7040,322094,6865,12982,4262,6670,4109,14374,4009,28404,4188,3069,14311,11637,1433,6648,996384,103967,11066
7,Control,cold,11.3,17089961,20571280,13375417,14329925,21008102,8509508,13551654,4574665,10638066,3475442,10287592,3890364,3433745,5571236,5949048,2343602,3718373,1771353,1553671,11471894,912840,4416992,3010682,1085675,845026,2806540,4416992,634618,2207182,1477578,2008916,1991348,770977,3810373,1985049,1765916,1131612,2945151,432680,1813236,1345131,2418331,2074182,507490,927351,1860159,1022009,369493,1362131,703154,2018595,425997,2792354,240089,703154,236146,997948,347489,1832646,151915,503123,1271787,1162924,406761,2075558,295405,505316,691954,367374,383179,479803,423890,147775,423099,402674,137025,157566,472283,138406,580850,208487,693306,7725018,145243,607634,98959,383954,93326,241908,900181,177553,235278,186883,307105,101690,115096,532632,275668,209839,141267,84806,157433,574321,250164,267974,162755,242968,75870,315799,64923,332422,15574,209153,465026,234282,251709,85905,369916,54375,163122,100848,108682,91587,55477,342668,114879,180418,116713,42827,55790,62289,48704,100848,275668,46909,130770,198596,102692,43930,47227,272487,112341,261595,39161,23832,19779,14544,21734,169499,23549,54576,144757,28918,34618,91566,38054,61297,22496,23245,92522,81233,5453,29718,264091,22980,6200,45864,18238,17984,77887,17208,14127,87411,130770,83694,68245,333149,12934,84023,32874,12432,77887,62121,22669,20264,19090,4004,30430,46379,14267,15998,96399,16150,105891,5229,12877,32676,29481,26879,39726,18419,88152,39925,13995,13564,8835,10566,22096,20572,37086,535749,6255,15277,9675,7374,7469,12217,5927,42703,2459,2712,14434,16942,3611,5079,1087910,111652,10780
8,Control,cold,13.6,16912839,20534497,13414599,13739618,21063447,7485622,10325407,4082289,9705765,2567455,10255660,2370138,2904701,5064149,6130345,1616007,3475309,1346609,1271388,10707401,708968,3419261,2772350,885775,600261,2325238,3419261,339542,2108097,1497383,1794375,2166647,426754,3476399,1734580,1654406,1069771,2756476,383500,1677045,1056527,1485650,1882812,412569,859570,1998433,1030788,305844,1338764,569171,1383552,409706,2342406,214074,569171,191679,885420,265833,1721871,116105,513970,1408523,1127668,289260,1906759,195174,513970,683800,307690,375060,513970,379322,141237,306012,314854,138706,117855,430891,116281,396156,152020,540299,6239318,123219,428296,84226,369920,87066,184520,877492,147577,210378,107954,295677,91502,93120,472352,250031,184958,120176,64048,127502,483416,238651,250047,181271,215649,54871,296344,67577,283796,16685,194429,430056,183602,251062,74432,253422,43499,153495,78616,108694,57341,44106,298595,92972,121841,102895,28261,27119,49252,40286,97372,249942,32929,117025,150515,97159,39785,44633,186944,154796,186826,34275,17977,20875,26417,24776,141064,22816,33034,112814,26295,27922,76086,23192,51857,19096,19188,82504,73892,6849,29289,165793,24092,9764,36444,17985,14887,74132,18329,10512,64115,116544,66673,56412,283927,14879,82665,27896,10662,74132,62713,21321,11793,15638,5035,28233,44677,7278,15285,97075,8884,84440,4633,11681,24153,26292,22793,49096,12001,65342,41381,12069,15487,9933,8267,18951,19138,37680,378277,7170,16972,9168,5410,5453,13561,5269,36122,3606,1399,13221,14659,2222,5590,829242,102208,10111
9,Control,cold,13.2,16270733,19573937,11672591,9441432,20521608,7451573,13327572,5627496,9639950,2870121,6468138,4275208,3706030,4462264,3784653,1967166,3181187,1526632,1952539,10844728,1004552,2984297,3494108,1367254,1126420,3012389,2984297,513943,1652631,1511874,1535892,1644355,652962,3184230,2698966,1203447,750368,2397719,453356,1135226,1646430,2651280,1396256,380369,630783,1455167,753838,317030,956270,532014,1806932,471047,2365071,268745,532014,262310,892088,291255,1256229,154571,358102,949806,1145892,429572,1396256,380042,410143,448358,320465,254854,356324,461563,159456,420439,414769,162327,158579,362746,184269,533175,211352,589464,7707043,112230,327978,119164,278069,104262,199185,874043,213298,175312,174386,372406,143941,148195,341057,253102,163019,150818,112430,225125,466479,174700,300308,183719,164505,86756,232368,59995,243172,25851,169119,414917,104804,216587,95027,328604,58204,138975,112944,89369,72033,61322,278579,151220,118631,238015,56375,66643,85188,71527,113909,251092,47198,96764,180007,141363,64395,29191,238890,116586,212213,40049,32839,26477,24690,24696,110750,26405,64677,88305,35695,43581,53450,44867,75666,22032,26836,97649,57801,18814,34939,202083,25816,14161,46542,22857,18708,48695,19581,14889,110889,96759,112512,46546,243172,15463,62398,41093,17232,48695,52271,22195,23082,17680,12073,34661,35002,8022,15199,75268,16546,113503,8674,12533,37698,29673,19770,26593,20268,92600,36975,16135,17916,15672,14193,21322,20262,28575,695597,7106,16169,11072,9880,8359,16784,7615,53547,4497,2340,16276,14310,3185,5753,925288,114420,10603
10,Control,cold,10.3,17512431,20408559,13820858,13110983,20701775,7330171,9979694,3163767,11011783,2361742,12153278,2509542,2232159,5747957,7695564,1623674,3216670,1246958,1087597,11590519,588120,4393707,2457974,804555,526613,1855056,4431925,308498,2359127,1571635,2150765,1479403,375990,3216670,1549712,2081997,1414010,2310068,269505,2303168,938547,1574020,1582098,391883,1032525,2053988,627432,322098,1102572,612937,1266026,304529,2308078,148823,625133,186913,903174,264844,2248052,101229,623535,991870,984183,300070,865791,170710,624868,870584,394601,441071,623535,284898,139597,293774,279019,127750,124971,479516,118872,435959,161320,513033,6074200,128802,618968,82142,466029,107173,226511,654967,128600,220665,117174,234961,79936,77923,630100,322885,186868,102585,75445,95153,553289,341059,190509,140715,284919,54995,373826,63387,349789,13781,219025,431270,183823,252453,61943,270290,47852,161547,75732,136965,40935,42500,291425,79497,173648,71295,32706,36175,53468,40758,84860,322885,37853,147892,125997,63901,30521,38480,135856,174720,142472,34875,18600,17887,23421,19884,167593,19778,33935,139983,30557,28712,96951,28431,50287,21835,16521,72241,90807,11040,24261,153063,22966,10004,30315,15673,15737,90719,17319,11169,41782,147892,63797,64363,349704,14322,104485,25125,10732,90719,85396,16770,9675,11739,7704,23713,40750,12839,14279,106697,10343,70603,4265,14770,23583,29228,29664,38340,11327,94538,53636,11000,14736,13684,9051,16323,18869,46501,314377,6268,11846,7014,6986,5791,12741,5021,38338,3933,1908,15369,15290,2230,5823,739705,104031,11611
11,Control,cold,11.5,16423891,19887951,12538943,10960347,19957770,6416620,9049709,3074400,9652963,2099260,11127572,1887063,2001861,5143585,7314624,1394058,2957608,1233004,849915,10366031,569138,3679015,557572,646416,506251,1701259,3679015,259072,2268088,1522153,2012628,1801864,310314,2893816,1724519,1887811,1355136,2306310,245486,2122354,795643,1180091,1504373,365109,800600,1364268,1237523,379606,1063857,468932,1111666,282615,2114086,131494,468932,193390,980744,228171,1966265,106428,539746,1037238,923554,273287,1503680,153965,488229,922767,362051,373719,539746,269240,166923,278782,299823,147345,104156,376551,135713,431657,134700,476394,5526000,155274,525198,80749,392641,110724,177867,688500,100546,203271,113652,248297,77284,72734,617509,262402,154858,77812,61068,81405,525929,286613,178308,146670,274329,45276,333378,72633,319909,15418,271725,441081,162877,230327,49462,233993,54390,94491,68700,119291,43049,43871,282999,27322,147159,83985,24300,31932,53169,30908,68700,262375,24721,150372,127411,92095,35169,44373,105863,172639,113760,21016,20002,15897,22413,19161,151482,25282,22291,142239,21194,18293,60435,24175,42143,20356,18936,80615,93228,8990,23332,127579,23719,11181,32320,17725,11839,88685,12614,15411,37136,156311,57485,56286,319900,17800,116122,25541,15868,88685,77338,18374,8023,12402,6583,23097,38538,14785,17754,102484,9588,57517,3995,12536,21846,28437,36692,51256,6473,76820,45559,9442,19380,10974,9793,11362,17124,48486,318066,6043,12244,7265,6575,5552,11795,4532,33232,4971,2233,13771,14409,2711,4293,752791,126758,13282
12,Control,cold,13.5,16451103,20113958,13837817,14973151,20669205,8198520,11656068,3379816,10733551,3146354,10849375,3159324,2970163,6417652,5877666,2014977,3761572,1866913,1312416,9442991,804691,3356952,2681597,835219,635957,2519248,3356952,437505,1851176,1510562,1868558,1451278,545523,3761572,1472150,1710815,1382264,2083279,348946,1780162,1223440,1998191,1506651,584369,939705,2071794,768817,379354,1253421,656237,1600031,485072,2653884,163289,656237,215729,706961,333914,1793193,161730,586431,1051789,1230352,416165,988987,170150,595938,715999,391408,477341,595938,369063,152285,336734,390929,156270,169638,363607,160949,436406,219366,684836,6943974,174116,495582,103545,381012,119548,273204,738719,193749,263964,136080,257179,73855,85083,467085,263418,169466,93247,84859,115171,519199,244016,510564,190390,233673,65646,276770,64626,299383,15522,206107,375624,170173,273808,65867,285304,44360,164223,100497,141338,60935,47999,260447,31798,131772,85159,31747,52432,69418,48046,98651,263418,42067,49664,177473,72671,43548,48785,123216,68277,150407,35184,19038,27414,30142,21002,145981,23716,36656,121550,28938,30340,63772,29277,65836,28276,16854,61258,72533,11739,38186,157622,23754,10982,41368,16481,15065,79768,19358,13352,47834,88666,67730,48664,301055,16610,90521,29262,8279,79768,55177,21464,11398,15156,8296,35025,44996,12634,25807,91200,9594,72208,5911,14038,27804,34582,19422,42838,9494,48012,32117,10927,12708,8388,8861,14452,18573,39294,394103,5691,15242,8377,6011,7687,14149,5670,40822,5009,3081,13496,18158,2397,4582,1127970,111280,11268
13,HNF4a KO,cold,14.1,21331263,19658393,20696391,14661375,17022109,17529906,6927992,2115474,5485318,10737182,4319062,2639691,1276170,4015972,3394305,3636542,3435960,997453,1030127,12943455,1375785,1922846,2014741,578472,826342,1095160,1922846,1402266,1058924,1313523,578052,763713,1391159,3435960,801241,706491,474491,1262161,313381,908713,840637,1660149,340511,1071949,614003,4759315,339703,288294,1640698,1091104,4272711,204424,6359676,220966,1091104,178470,215775,859813,739821,237499,714709,606497,1398382,288699,339703,103963,714968,249821,216625,366716,714709,289951,157899,606404,677786,140774,115619,223598,41969,82096,77077,1402837,4267100,71991,120856,134574,355639,79040,315409,894138,56224,638995,74886,107857,74752,59558,184488,116811,112599,47104,66694,52366,252015,90039,853571,441003,70936,33091,189554,46981,76415,75723,86626,183796,9401,153705,41056,699579,45061,173448,77527,86403,224612,38117,149426,18994,42102,34545,31648,35444,30073,35893,77874,116584,31965,46196,407838,14423,33442,24342,120694,46346,175645,24919,36080,25756,17924,33499,41161,23953,13413,21966,36724,10262,10229,17425,33838,15332,15478,21702,25184,14753,25245,84511,10817,23067,29889,12971,10364,21008,14650,14145,24529,46195,53852,16115,76506,16783,32899,25415,10197,21590,18339,14720,7496,14901,6979,18045,19068,14559,5409,30157,7961,32763,9755,10259,23700,25165,13055,21510,2274,34155,19272,5254,13099,2469,5486,6596,16807,16101,497722,6552,17233,4061,5147,4862,11064,4783,31640,2952,4394,13875,13982,2458,6438,606567,119125,10373
14,HNF4a KO,cold,11.3,19956149,18394447,18229360,11571704,15841718,14284433,6765190,2723252,5299518,7348288,2687700,1821775,1163962,3662037,1900239,3208630,3395221,1150807,736202,11459337,1018083,1461445,2236045,606430,679709,1128354,1461445,1168912,726428,1561025,440102,902192,1012189,3395221,1117761,471753,318109,2551365,296521,581474,697322,1134749,329337,710919,408594,3242967,439817,195312,1712378,757132,2783851,167773,4598145,179132,757132,187399,299843,572100,515488,201783,384142,825936,1285427,255865,329337,138718,389660,134865,217587,238025,384257,274915,144220,680285,707045,147261,115302,164001,47154,111269,70477,1202535,4173454,69489,87436,136644,228275,63635,251551,1186362,32270,437627,63851,175942,62084,44108,58619,97048,99936,27073,61301,68292,216463,63539,649337,200319,44034,25917,104279,39685,50635,62817,56715,151274,25905,137548,53993,478748,42768,134936,66590,57584,194255,31512,102782,22768,61405,57212,32521,42847,30506,25132,66131,96623,17791,18621,366713,29715,26340,17261,121188,7137,162937,19522,30631,15537,24438,32830,23014,22983,15713,10269,29641,10308,6142,14332,28801,13196,15065,17165,17211,22980,19265,95238,8349,27565,34465,14249,11864,10774,18228,16094,29536,18621,41156,12516,50610,14911,22389,25218,7919,10790,12229,17094,9123,17896,11582,21250,21413,7851,9381,19369,8878,20527,6763,9746,21278,29163,13165,14955,2859,51626,11326,4973,13387,3910,4228,6420,18253,9512,421054,6352,12384,3338,3859,3352,11741,3480,30708,5891,3043,12900,11164,1397,6397,690891,106946,12515
15,HNF4a KO,cold,11.7,15668100,12619320,13868666,6939794,9580311,10662293,4798588,2920883,2325994,5523663,1216193,1482618,832518,1674051,1088259,1962755,2371014,807669,579556,7043546,811020,868215,2410438,668789,590703,802723,868215,905604,331109,979856,153974,594084,883142,2370967,1298169,327791,123504,1872814,253076,262173,544513,933687,205496,432339,213083,2239903,299693,184375,1185737,459711,2202398,122493,3540020,222000,459711,162071,263130,352579,196623,156226,235853,658483,1108145,179525,207771,134273,256417,51826,108963,117739,235818,227184,129535,566104,657381,117013,98303,89714,42710,139855,31556,737182,3002028,49394,51298,105133,138175,40222,133478,1190883,25847,251454,70734,255171,95587,52019,37520,43807,54375,17192,59729,52347,160595,20322,514801,250686,18364,21926,40513,50397,17001,53369,21650,106475,14150,80158,51113,412156,30181,83568,36590,28492,261967,26455,93919,16963,39730,128175,37513,32776,25299,19821,43231,44127,22573,7769,260107,33802,17724,23157,77579,6923,92099,16714,33089,18468,19031,26787,11973,21683,15140,7835,30875,8676,4041,12586,23729,11650,11621,18184,12445,29832,20530,48983,4584,36564,29139,17107,9260,4499,19222,11932,30284,9283,50864,4396,6012,14558,8659,22762,8250,4499,10432,19416,9188,18400,22207,18204,17552,8136,5884,10029,8805,17948,7550,6633,18011,22647,4561,10790,2837,79319,8027,3363,10959,6120,4949,6793,13713,8614,368599,7313,12746,2478,4932,3799,12054,2579,24699,7096,3453,13008,13772,1674,8607,496179,117596,9958
16,HNF4a KO,cold,10.9,21300048,19897012,21130213,18049167,18876443,20082209,10406196,3792887,6693061,12554388,6723286,2415486,1882354,5553056,4843851,3674498,3776076,1774756,767653,14719220,2003306,2445619,2101681,501032,1188250,1653956,2445619,1472580,1553093,1422426,838140,755751,2383835,3760907,773108,979652,840659,2051096,449813,1122308,667240,1514975,429932,1339342,716352,5208952,681213,457536,1766544,1146414,6276113,276866,8006456,327745,1146414,199199,304799,1215521,1010849,374643,970924,561353,1579363,264770,429919,142622,977410,402316,310774,513491,977410,450564,143196,394611,520895,168703,135823,231579,114985,95322,103038,941568,6278131,131866,174095,183166,422825,172537,336190,911939,52681,841081,123086,126306,108842,82611,262230,115038,136195,70004,69892,70311,283745,124837,1250731,304308,105270,46077,153817,96703,99217,73050,114956,200848,31627,170992,34254,844317,80785,233246,98124,96115,146149,39131,179950,55834,65411,37027,32142,48699,45542,33268,97627,114255,38729,47961,316157,17034,35685,52115,97287,41354,171827,22600,42711,30404,38523,33560,49826,23973,14533,34002,32582,12788,11104,23162,41370,21827,14452,23977,35389,32753,35572,70960,18245,52366,24817,15297,11603,15213,21748,16054,16744,47961,71311,20245,99627,15792,47740,40325,19003,20768,20900,13847,8576,17697,16431,20110,45427,20963,10233,28196,10751,48331,18190,17218,18902,27484,15400,22895,2676,70600,17937,4798,18085,6524,6166,7963,15707,14743,719603,8733,13456,3904,9419,5872,11119,7415,49802,4874,8603,14523,16382,2879,10841,1065642,110696,10687
17,HNF4a KO,cold,12.2,18496059,16579961,16679729,9751604,13424498,11568963,6113871,2619025,4127540,5630944,2345547,1500799,909846,2824769,1776126,2222101,2996010,1088200,585674,9206149,1000187,1233744,2266459,514228,668738,921123,1233744,810498,589091,1406600,341569,754894,1196962,2996271,1135989,389080,281445,2116135,255663,463087,585740,941175,299317,529635,320796,2852072,456565,222953,1401595,553170,2958455,165933,4529807,189755,553170,187858,301416,442499,410328,201502,332468,692842,1285990,239851,297625,200498,314466,123863,170346,185233,332320,260102,128529,559599,620847,139219,78898,128542,44169,116227,56003,1020612,3786078,72795,78512,126534,182521,78273,181028,1107993,39636,324281,73907,192444,68194,42160,92817,73233,82196,32916,61048,64769,221077,44409,634900,411540,37572,28760,54934,47626,43853,47004,44811,141822,24775,112394,44791,582487,43502,114529,53308,47745,225489,31906,116942,15064,56905,76340,31485,37506,26825,20501,53168,70803,32685,23458,292751,29021,17731,21271,56668,7199,75158,19199,44328,18240,19973,26119,22017,22499,16757,14026,31169,10370,10790,11329,31233,14735,12509,19818,19296,12920,20234,49808,6272,15052,28408,13676,9737,11513,19093,13480,20916,23458,39513,10577,43917,14360,23539,23958,11577,11513,13950,17351,10301,20398,4898,21267,20994,12138,7696,18956,11545,24814,5845,9566,17458,25918,9998,13234,4125,18843,12223,4017,15079,3860,4432,8418,16781,11018,415708,7196,14839,2877,4606,3176,11410,3973,27473,4319,2646,11674,11554,3002,4258,665221,107869,10988
18,HNF4a KO,cold,14.2,21429910,19867374,20974944,15463268,17484467,16766553,7138675,2990046,5549543,9298862,4305396,2411611,1497834,4323133,2975948,3141972,2625903,1419324,1105539,12442598,1357126,1797120,1398415,695683,753542,1363357,1797120,1143358,953061,1082106,550836,865971,1214510,2626389,592139,949135,528928,1593569,406456,660235,902695,1518689,337262,916513,520884,4341218,442154,307822,1710706,869190,3978526,203458,6232731,261504,869190,205368,250061,751022,570246,300979,606155,800325,1007750,272375,336778,106778,603784,230005,247336,333548,606363,362993,140792,399701,439080,191270,157278,188493,47970,60364,73649,1003197,4371804,96885,118657,165556,289901,65996,267728,870351,61686,558323,78382,103857,67646,56467,146343,91317,117038,37121,63541,66995,187341,59830,858896,253368,61672,29093,146311,61991,67195,80953,71930,132512,23096,151451,47858,724058,55325,178798,73504,70514,204879,33585,128979,53411,41525,23263,28966,46939,39000,26466,73504,91736,38052,19296,325461,13473,21664,40560,67979,12563,102909,27367,32763,18392,24650,41380,30301,23604,17141,23499,42051,10269,12712,11340,34701,16577,18179,20804,22200,31114,29301,62071,11179,48924,30562,14502,9775,16887,19561,16541,12034,22430,47093,16476,67258,13284,27707,27195,9697,17091,16494,22620,7685,18314,15640,19074,27007,12234,11043,22458,7702,27667,20324,9214,21188,25796,11698,15233,3151,51566,15038,4851,13918,3616,4317,7926,20015,13561,465044,6743,16971,2569,5883,4288,11935,4718,30710,6606,10648,13064,11492,2642,12933,868527,113083,12636
