log2(FC),log10(p),sig_FDR,diffexpressed,delabel,label,FC,p_val
-0.703219582573575,1.1351,FALSE,NO,NA,not,0.6142,13.649
0.44636211187859465,0.902,FALSE,NO,NA,not,1.3626,7.9799
1.2633950345173086,1.8348,TRUE,UP,NA,sig,2.4006,68.3597
1.0818849667292274,1.1588,FALSE,NO,NA,not,2.1168,14.4145
1.7632840847392242,1.8611,TRUE,UP,NA,sig,3.3947,72.6273
0.9016489109163471,1.0219,FALSE,NO,NA,not,1.8682,10.5172
1.259724435573914,1.1605,FALSE,NO,NA,not,2.3945,14.471
0.6634812533100465,1.0875,FALSE,NO,NA,not,1.5839,12.2321
-0.6091122404499907,1.2369,FALSE,NO,NA,not,0.6556,17.2544
-0.6321816563938067,1.6171,FALSE,NO,NA,not,0.6452,41.4095
-0.5324074912870508,1.0382,FALSE,NO,NA,not,0.6914,10.9194
-0.4210129966674203,0.7232,FALSE,NO,NA,not,0.7469,5.2869
-0.601211852366231,1.2888,FALSE,NO,NA,not,0.6592,19.4446
-2.411963028129394,2.1457,TRUE,DOWN,NA,sig,0.1879,139.8621
-1.8416629728328993,1.8779,TRUE,DOWN,NA,sig,0.279,75.4918
-1.0874267743251518,1.511,FALSE,NO,NA,not,0.4706,32.434
-0.5907448533151622,1.243,FALSE,NO,NA,not,0.664,17.4985
-0.6290545874233641,1.615,FALSE,NO,NA,not,0.6466,41.2098
-0.0661252582846443,0.1182,FALSE,NO,NA,not,0.9552,1.3128
-1.1468826087764485,1.9528,TRUE,DOWN,NA,sig,0.4516,89.7016
-0.4307033544383554,0.8303,FALSE,NO,NA,not,0.7419,6.7655
0.6164518031929267,0.913,FALSE,NO,NA,not,1.5331,8.1846
0.10849100259224341,0.1116,FALSE,NO,NA,not,1.0781,1.293
0.5907217700098412,0.9043,FALSE,NO,NA,not,1.506,8.0223
1.6905958847684837,2.3492,TRUE,UP,NA,sig,3.2279,223.4601
0.09315448790708296,0.1228,FALSE,NO,NA,not,1.0667,1.3268
-0.7157227819448722,1.6029,FALSE,NO,NA,not,0.6089,40.0774
-0.23684341625871316,0.2972,FALSE,NO,NA,not,0.8486,1.9824
-0.38722289471480076,0.8447,FALSE,NO,NA,not,0.7646,6.9936
-0.8674889602008046,2.3689,TRUE,DOWN,NA,sig,0.5481,233.8299
-0.7577938514291251,1.2397,FALSE,NO,NA,not,0.5914,17.366
-0.05334398979308492,0.0798,FALSE,NO,NA,not,0.9637,1.2017
-0.054242492027372385,0.0815,FALSE,NO,NA,not,0.9631,1.2064
-0.7602353734890532,1.4005,FALSE,NO,NA,not,0.5904,25.1478
0.27285929168710965,0.3035,FALSE,NO,NA,not,1.2082,2.0114
-0.117161344232749,0.1319,FALSE,NO,NA,not,0.922,1.3549
-0.6964238003033594,1.1759,FALSE,NO,NA,not,0.6171,14.9934
-0.3106113727783402,0.5876,FALSE,NO,NA,not,0.8063,3.869
-0.6219323512199659,0.7161,FALSE,NO,NA,not,0.6498,5.2012
0.2347465517443222,0.5012,FALSE,NO,NA,not,1.1767,3.171
-0.38270151715915357,0.357,FALSE,NO,NA,not,0.767,2.2751
-0.9080632617894149,0.7283,FALSE,NO,NA,not,0.5329,5.3493
-0.7143018740418748,0.8127,FALSE,NO,NA,not,0.6095,6.4968
0.8686867653221351,1.9197,TRUE,UP,NA,sig,1.826,83.1189
-0.16391428829759438,0.1632,FALSE,NO,NA,not,0.8926,1.4561
-1.2477652193803555,1.2586,FALSE,NO,NA,not,0.4211,18.1384
-0.37034030007260826,0.5729,FALSE,NO,NA,not,0.7736,3.7402
-0.6854774782083852,1.4053,FALSE,NO,NA,not,0.6218,25.4273
0.3338816594680902,0.5406,FALSE,NO,NA,not,1.2604,3.4722
0.21263158972095403,0.2144,FALSE,NO,NA,not,1.1588,1.6383
0.3916577542529145,1.0891,FALSE,NO,NA,not,1.3119,12.2772
-0.5631985264294997,1.5796,FALSE,NO,NA,not,0.6768,37.9839
-0.6257116608309687,1.9337,TRUE,DOWN,NA,sig,0.6481,85.842
-0.44202632357238514,0.575,FALSE,NO,NA,not,0.7361,3.7584
-0.06446481913198182,0.157,FALSE,NO,NA,not,0.9563,1.4355
-0.055291452373372865,0.1346,FALSE,NO,NA,not,0.9624,1.3633
0.09572192227332565,0.1425,FALSE,NO,NA,not,1.0686,1.3884
-0.25842515258120435,0.5699,FALSE,NO,NA,not,0.836,3.7145
-0.1634294845828482,0.4039,FALSE,NO,NA,not,0.8929,2.5345
-0.7888631730177248,2.2517,TRUE,DOWN,NA,sig,0.5788,178.5254
-0.1806588099412292,0.5425,FALSE,NO,NA,not,0.8823,3.4874
0.42449217088920543,1.1743,FALSE,NO,NA,not,1.3421,14.9383
-1.2209504471625414,1.9559,TRUE,DOWN,NA,sig,0.429,90.3441
-0.888701546597459,0.8203,FALSE,NO,NA,not,0.5401,6.6115
-0.41792577860367025,0.7847,FALSE,NO,NA,not,0.7485,6.0912
-0.24622433566798177,0.4421,FALSE,NO,NA,not,0.8431,2.7676
-0.2702079784400346,0.824,FALSE,NO,NA,not,0.8292,6.6681
0.11116488907888972,0.0916,FALSE,NO,NA,not,1.0801,1.2348
-0.15698095427623157,0.4101,FALSE,NO,NA,not,0.8969,2.571
-0.46932992450829386,1.1085,FALSE,NO,NA,not,0.7223,12.8381
-1.0448360123830494,2.6479,TRUE,DOWN,NA,sig,0.4847,444.5289
-0.6066936396473472,1.5834,FALSE,NO,NA,not,0.6567,38.3178
0.5851548472371252,1.5138,FALSE,NO,NA,not,1.5002,32.6437
-0.2861282574641006,0.6854,FALSE,NO,NA,not,0.8201,4.8462
0.13251103979919546,0.5134,FALSE,NO,NA,not,1.0962,3.2614
-0.5422481312726066,1.1633,FALSE,NO,NA,not,0.6867,14.5646
-0.20706137759963106,0.4802,FALSE,NO,NA,not,0.8663,3.0213
-0.6174987428108851,1.1326,FALSE,NO,NA,not,0.6518,13.5706
-1.3584539709124763,1.9353,TRUE,DOWN,NA,sig,0.39,86.1589
-0.35531305711565686,0.5815,FALSE,NO,NA,not,0.7817,3.815
-0.6645167440965138,1.4312,FALSE,NO,NA,not,0.6309,26.9898
-1.4847921809641793,1.9243,TRUE,DOWN,FAHFA 18:2_20:4,sig,0.3573,84.004
-0.7587699644845547,1.9321,TRUE,DOWN,NA,sig,0.591,85.5264
-0.7856264755635457,1.4566,FALSE,NO,NA,not,0.5801,28.6154
-0.7091038188116966,1.5324,FALSE,NO,NA,not,0.6117,34.0722
-0.08804003471308504,0.1244,FALSE,NO,NA,not,0.9408,1.3317
-0.11341083508181844,0.2042,FALSE,NO,NA,not,0.9244,1.6003
-0.23871472663838075,0.4675,FALSE,NO,NA,not,0.8475,2.9343
-0.09649890732816314,0.1579,FALSE,NO,NA,not,0.9353,1.4385
-0.24229398251865655,0.4048,FALSE,NO,NA,not,0.8454,2.5398
-0.6736927651137282,1.8461,TRUE,DOWN,NA,sig,0.6269,70.1617
-1.0749120451200171,1.8989,TRUE,DOWN,NA,sig,0.4747,79.2319
-1.4568010998066672,3.0778,TRUE,DOWN,LPC 0:0/20:4,sig,0.3643,1196.1895
-1.038598926835721,2.4369,TRUE,DOWN,LPC 0:0/22:6,sig,0.4868,273.4639
-1.059795655347961,2.1055,TRUE,DOWN,NA,sig,0.4797,127.497
-0.8127389951583031,1.7506,TRUE,DOWN,NA,sig,0.5693,56.3119
-0.3367920275193528,0.6422,FALSE,NO,NA,not,0.7918,4.3873
-0.9770995978899212,1.498,FALSE,NO,NA,not,0.508,31.4775
-1.5034865191231976,2.1511,TRUE,DOWN,NA,sig,0.3527,141.612
-1.8272564832398128,2.1676,TRUE,DOWN,NA,sig,0.2818,147.0957
-1.3932735249871873,2.408,TRUE,DOWN,NA,sig,0.3807,255.8586
-1.3823253745313187,2.7313,TRUE,DOWN,NA,sig,0.3836,538.6417
-2.452451460921961,2.678,TRUE,DOWN,NA,sig,0.1827,476.431
-2.4492963037521123,2.5942,TRUE,DOWN,LPE 20:4,sig,0.1831,392.8258
-1.3640134962543768,1.225,FALSE,NO,NA,not,0.3885,16.788
-1.801380126780785,1.393,FALSE,NO,NA,not,0.2869,24.7172
0.24354722657759398,0.9863,FALSE,NO,NA,not,1.1839,9.6895
-0.059344601712619405,0.0719,FALSE,NO,NA,not,0.9597,1.18
-0.47212894569842695,2.1085,TRUE,DOWN,NA,sig,0.7209,128.3808
-0.031356244035283115,0.0536,FALSE,NO,NA,not,0.9785,1.1314
-0.33624551761665383,0.9897,FALSE,NO,NA,not,0.7921,9.7656
-0.10500766903048524,0.3732,FALSE,NO,NA,not,0.9298,2.3616
-0.6796886290929586,1.7884,TRUE,DOWN,NA,sig,0.6243,61.4328
-0.43420787852817017,1.3671,FALSE,NO,NA,not,0.7401,23.2863
-0.3995399298835181,1.5982,FALSE,NO,NA,not,0.7581,39.6461
-0.21424022557298894,0.446,FALSE,NO,NA,not,0.862,2.7925
-0.596623193312918,1.7653,TRUE,DOWN,NA,sig,0.6613,58.2505
-1.4937027345284777,3.0104,TRUE,DOWN,NA,sig,0.3551,1024.2359
-0.9624069244597669,3.3259,TRUE,DOWN,NA,sig,0.5132,2117.8734
-1.099432627585306,3.0794,TRUE,DOWN,PC 16:0_20:4,sig,0.4667,1200.6046
-1.196938324908699,2.7468,TRUE,DOWN,PC 16:0_20:5,sig,0.4362,558.2131
-0.018731847899613435,0.0313,FALSE,NO,NA,not,0.9871,1.0747
-0.3560514806971718,0.9097,FALSE,NO,NA,not,0.7813,8.1227
-0.2441723807777153,0.4484,FALSE,NO,NA,not,0.8443,2.808
-0.2117319171331627,0.2354,FALSE,NO,NA,not,0.8635,1.7195
0.17747136444495093,0.2175,FALSE,NO,NA,not,1.1309,1.6501
-0.41773304664948757,0.7208,FALSE,NO,NA,not,0.7486,5.2578
-0.09588204145414125,0.1378,FALSE,NO,NA,not,0.9357,1.3734
-0.24195271816676633,0.7534,FALSE,NO,NA,not,0.8456,5.6676
0.15198866642250583,0.2281,FALSE,NO,NA,not,1.1111,1.6908
-0.5942254220501242,1.6506,FALSE,NO,NA,not,0.6624,44.7301
0.3109217352303438,0.9831,FALSE,NO,NA,not,1.2405,9.6183
0.0858325236749548,0.1625,FALSE,NO,NA,not,1.0613,1.4538
-0.17234354172922556,0.4591,FALSE,NO,NA,not,0.8874,2.8781
-0.49573555865076063,1.1584,FALSE,NO,NA,not,0.7092,14.4012
-1.7759597257820698,3.4713,TRUE,DOWN,NA,sig,0.292,2960.0565
-0.6824643779836456,1.8514,TRUE,DOWN,PC 18:0_20:4,sig,0.6231,71.0232
-0.2763103896693852,1.1475,FALSE,NO,NA,not,0.8257,14.0443
-0.8167993532745723,2.9286,TRUE,DOWN,PC 18:0_20:5,sig,0.5677,848.3987
-0.45146473286154903,1.003,FALSE,NO,NA,not,0.7313,10.0693
-0.564478078656072,1.666,TRUE,DOWN,PC 18:0_22:5,sig,0.6762,46.3447
-0.5653317443856479,1.5962,FALSE,NO,NA,not,0.6758,39.4639
-0.12752580294878768,0.5054,FALSE,NO,NA,not,0.9154,3.2018
0.9897203290406049,1.7401,TRUE,UP,NA,sig,1.9858,54.9667
0.8140991902745535,1.4302,FALSE,NO,NA,not,1.7582,26.9277
-0.28965089391302984,0.7749,FALSE,NO,NA,not,0.8181,5.9553
-0.2990276927772836,0.7565,FALSE,NO,NA,not,0.8128,5.7082
-1.3733272473940066,1.3668,FALSE,NO,NA,not,0.386,23.2702
0.36591645385806115,0.7966,FALSE,NO,NA,not,1.2887,6.2604
0.2583380111690374,0.4515,FALSE,NO,NA,not,1.1961,2.8281
-0.6854774782083852,1.6248,FALSE,NO,NA,not,0.6218,42.1502
-0.7114642497061978,1.8228,TRUE,DOWN,PC 18:2_20:4,sig,0.6107,66.4967
0.34164424053016035,1.0634,FALSE,NO,NA,not,1.2672,11.5718
-0.1314712603136973,0.2254,FALSE,NO,NA,not,0.9129,1.6804
-0.9646576192078029,2.5956,TRUE,DOWN,PC 18:3_22:6,sig,0.5124,394.0942
-1.4532413295652273,2.7715,TRUE,DOWN,NA,sig,0.3652,590.881
-1.3015147923431765,1.9848,TRUE,DOWN,NA,sig,0.4057,96.5606
-2.016833084220665,2.2165,TRUE,DOWN,PC 20:0_20:4,sig,0.2471,164.6266
-1.2182626121216658,2.2896,TRUE,DOWN,PC 20:4_22:6,sig,0.4298,194.805
0.06391705369231143,0.0881,FALSE,NO,NA,not,1.0453,1.2249
-0.15537331533019225,0.2047,FALSE,NO,NA,not,0.8979,1.6021
-0.04960624211737258,0.1033,FALSE,NO,NA,not,0.9662,1.2685
-0.1695824020521686,0.4555,FALSE,NO,NA,not,0.8891,2.8543
0.21437352443645427,0.575,FALSE,NO,NA,not,1.1602,3.7584
-0.051548662330177145,0.1357,FALSE,NO,NA,not,0.9649,1.3668
-0.12926047501106097,0.4114,FALSE,NO,NA,not,0.9143,2.5787
-0.2799842649171952,0.5927,FALSE,NO,NA,not,0.8236,3.9147
0.3087103511680774,1.2786,FALSE,NO,NA,not,1.2386,18.9933
-0.15971805857305543,0.3842,FALSE,NO,NA,not,0.8952,2.4221
-1.357714316940423,3.2257,TRUE,DOWN,NA,sig,0.3902,1681.5121
0.2554403048654443,0.7503,FALSE,NO,NA,not,1.1937,5.6273
-0.13574450858125972,0.2147,FALSE,NO,NA,not,0.9102,1.6395
0.07724299893246035,0.3958,FALSE,NO,NA,not,1.055,2.4877
-0.22095044716254147,0.3564,FALSE,NO,NA,not,0.858,2.272
-1.1558554189406567,2.4125,TRUE,DOWN,NA,sig,0.4488,258.5235
-1.077649896309218,2.2553,TRUE,DOWN,NA,sig,0.4738,180.0114
-0.40296947596975347,0.6965,FALSE,NO,NA,not,0.7563,4.9716
-1.7235628895637176,3.129,TRUE,DOWN,NA,sig,0.3028,1345.8604
-1.1174743272128007,3.852,TRUE,DOWN,NA,sig,0.4609,7112.1351
-1.090495686439397,2.9643,TRUE,DOWN,NA,sig,0.4696,921.0856
-2,3.5742,TRUE,DOWN,NA,sig,0.25,3751.4572
-2.033274231282193,2.8028,TRUE,DOWN,NA,sig,0.2443,635.0384
-0.600993013527603,1.6829,TRUE,DOWN,PE 16:0_20:4,sig,0.6593,48.1837
-1.5378429521526056,2.2992,TRUE,DOWN,PE 16:0_20:5,sig,0.3444,199.159
-0.3540217245972157,0.9289,FALSE,NO,NA,not,0.7824,8.4898
-1.2803346462281802,2.5223,TRUE,DOWN,NA,sig,0.4117,332.8894
-1.9873598192212296,5.7754,TRUE,DOWN,PE 16:1_20:5,sig,0.2522,596211.0214
-1.1952855637691944,3.4161,TRUE,DOWN,PE 16:1_22:6,sig,0.4367,2606.7537
-1.5274082542630671,3.4702,TRUE,DOWN,PE 16:1_22:6.1,sig,0.3469,2952.5686
-0.4829763279354193,0.3942,FALSE,NO,NA,not,0.7155,2.4786
-1.062806288829683,2.3751,TRUE,DOWN,NA,sig,0.4787,237.192
-0.6864058534276087,2.5875,TRUE,DOWN,NA,sig,0.6214,386.8121
-0.9936660662779495,2.7835,TRUE,DOWN,PE 17:0_20:4,sig,0.5022,607.4353
-0.47754244188479134,1.3135,FALSE,NO,NA,not,0.7182,20.5826
-0.3244550229164015,1.0998000000000001,FALSE,NO,NA,not,0.7986,12.5835
0.4801616993481647,2.0448,TRUE,UP,PE 17:0_22:6.1,sig,1.3949,110.8664
-0.16004041251046824,0.2944,FALSE,NO,NA,not,0.895,1.9697
-0.9137597241792559,2.8233,TRUE,DOWN,NA,sig,0.5308,665.7329
-0.9167525862520639,2.8331,TRUE,DOWN,NA,sig,0.5297,680.9261
-0.2889456781879336,0.7723,FALSE,NO,NA,not,0.8185,5.9197
-0.6382316405808467,1.64,FALSE,NO,NA,not,0.6425,43.6516
-0.3240937621054769,0.9191,FALSE,NO,NA,not,0.7988,8.3004
-1.374074951500346,2.4912,TRUE,DOWN,NA,sig,0.3858,309.8846
-0.4398720239187363,0.5502,FALSE,NO,NA,not,0.7372,3.5498
-1.3632709872102522,3.121,TRUE,DOWN,NA,sig,0.3887,1321.2956
-0.7350432820351777,1.9531,TRUE,DOWN,PE 18:0_20:4,sig,0.6008,89.7635
-0.932912035198853,2.4176,TRUE,DOWN,PE 18:0_20:4.1,sig,0.5238,261.5773
-0.8124856018071838,2.4014,TRUE,DOWN,PE 18:0_20:4.2,sig,0.5694,251.9997
-1.4158071418902625,2.7956,TRUE,DOWN,PE 18:0_20:5,sig,0.3748,624.5972
-0.2799842649171952,0.9362,FALSE,NO,NA,not,0.8236,8.6338
-0.5638381606855499,1.2196,FALSE,NO,NA,not,0.6765,16.5806
-0.4272073227415709,1.1047,FALSE,NO,NA,not,0.7437,12.7262
0.16838530541475208,0.333,FALSE,NO,NA,not,1.1238,2.1528
-0.46893050727404584,1.599,FALSE,NO,NA,not,0.7225,39.7192
-0.6725425657058466,2.7416,TRUE,DOWN,PE 18:0_22:6.1,sig,0.6274,551.5692
-0.3387976702372901,0.8334,FALSE,NO,NA,not,0.7907,6.814
-0.41407602304139873,0.9259,FALSE,NO,NA,not,0.7505,8.4314
-0.4633502459799658,1.1976,FALSE,NO,NA,not,0.7253,15.7616
-0.032536242089729016,0.0424,FALSE,NO,NA,not,0.9777,1.1026
-0.5240850278218214,1.9984,TRUE,DOWN,NA,sig,0.6954,99.6323
-0.43401295924922895,1.2914,FALSE,NO,NA,not,0.7402,19.5614
0.4460444425960409,1.4744,FALSE,NO,NA,not,1.3623,29.8126
-0.11387911586739226,0.2144,FALSE,NO,NA,not,0.9241,1.6383
-0.5610684580654551,1.5334,FALSE,NO,NA,not,0.6778,34.1507
-1.4131151871478154,2.7068,TRUE,DOWN,NA,sig,0.3755,509.0964
-1.7828933919166081,2.8653,TRUE,DOWN,NA,sig,0.2906,733.3309
-0.7439555261735552,1.5894,FALSE,NO,NA,not,0.5971,38.8508
-0.38157338335406926,0.3481,FALSE,NO,NA,not,0.7676,2.2289
0.15484240686923262,0.3144,FALSE,NO,NA,not,1.1133,2.0625
0.13960046458551462,0.2815,FALSE,NO,NA,not,1.1016,1.9121
0.3495917425567518,0.2494,FALSE,NO,NA,not,1.2742,1.7758
-2.9094175236375577,0.7668,FALSE,NO,NA,not,0.1331,5.8452
-0.6718528859663687,1.1914,FALSE,NO,NA,not,0.6277,15.5382
-1.9367731980030187,2.9964,TRUE,DOWN,NA,sig,0.2612,991.745
-1.0743043386911122,2.8496,TRUE,DOWN,NA,sig,0.4749,707.294
-2.237863830098888,2.9988,TRUE,DOWN,PE 19:0_20:4,sig,0.212,997.2407
-2.3473987824034803,5.6162,TRUE,DOWN,PE 19:0_20:4.1,sig,0.1965,413237.7612
-2.104076998076231,2.6869,TRUE,DOWN,PE 19:0_22:6,sig,0.2326,486.2952
-0.06461568920175474,0.0954,FALSE,NO,NA,not,0.9562,1.2457
-0.20956157181479912,0.1792,FALSE,NO,NA,not,0.8648,1.5108
-2.2412704315421372,2.071,TRUE,DOWN,NA,sig,0.2115,117.7606
-4.061300186760664,2.0427,TRUE,DOWN,PE 20:0_20:4,sig,0.0599,110.3316
-0.5706786300585585,1.5873,FALSE,NO,NA,not,0.6733,38.6634
-3.117787378107137,2.1608,TRUE,DOWN,PE 20:0_22:6,sig,0.1152,144.8105
-0.6007742078790621,1.6214,FALSE,NO,NA,not,0.6594,41.8215
0.6650288676370387,1.7776,TRUE,UP,NA,sig,1.5856,59.9239
-1.4615611647492424,2.7669,TRUE,DOWN,PE 20:1_22:6,sig,0.3631,584.6554
0.3408470770504139,1.0434,FALSE,NO,NA,not,1.2665,11.051
-1.0685438590872878,3.566,TRUE,DOWN,NA,sig,0.4768,3681.2897
-0.20439927089869359,1.0404,FALSE,NO,NA,not,0.8679,10.9749
-0.9243989151759718,2.0036,TRUE,DOWN,NA,sig,0.5269,100.8324
-1.4250750219906556,4.3793,TRUE,DOWN,NA,sig,0.3724,23949.6957
-1.548353672116055,2.7422,TRUE,DOWN,NA,sig,0.3419,552.3317
-0.3293409185995973,0.5294,FALSE,NO,NA,not,0.7959,3.3838
1.5153087597418888,1.9582,TRUE,UP,NA,sig,2.8586,90.8239
-0.6769182104962673,1.1791,FALSE,NO,NA,not,0.6255,15.1043
-0.31473259348315835,0.641,FALSE,NO,NA,not,0.804,4.3752
-0.7074538120496614,1.4843,FALSE,NO,NA,not,0.61240000000000006,30.5
-0.4941090702700427,1.4455,FALSE,NO,NA,not,0.71,27.8933
0.14834844991564902,0.3064,FALSE,NO,NA,not,1.1083,2.0249
-0.7846320277965205,1.8823,TRUE,DOWN,NA,sig,0.5805,76.2606
-0.4033510403837441,1.4003,FALSE,NO,NA,not,0.7561,25.1362
0.3597460469054708,0.8467,FALSE,NO,NA,not,1.2832,7.0259
1.0957894246731925,1.6043,FALSE,NO,NA,not,2.1373,40.2068
0.13330047622977648,0.2171,FALSE,NO,NA,not,1.0968,1.6485
0.8152475063606746,3.4883,TRUE,UP,NA,sig,1.7596,3078.2224
0.8605258522621947,2.6022,TRUE,UP,NA,sig,1.8157,400.129
0.6959938131099002,2.6664,TRUE,UP,NA,sig,1.62,463.874
1.0763538607559984,3.0215,TRUE,UP,NA,sig,2.1087,1050.7515
0.498353001614512,1.475,FALSE,NO,NA,not,1.4126,29.8538
0.6448714897398414,1.1891,FALSE,NO,NA,not,1.5636,15.4561
-0.08375267630998683,0.0739,FALSE,NO,NA,not,0.9436,1.1855
0.1802751896118795,0.4111,FALSE,NO,NA,not,1.1331,2.5769
0.4776773275653071,0.8948,FALSE,NO,NA,not,1.3925,7.8487
0.9776096446854196,2.1912,TRUE,UP,NA,sig,1.9692,155.3102
0.8350347444355339,1.6018,FALSE,NO,NA,not,1.7839,39.9761
0.5776342652673305,0.8573,FALSE,NO,NA,not,1.4924,7.1995
-0.25704524330250805,0.5957,FALSE,NO,NA,not,0.8368,3.9418
0.24464354573939842,0.5195,FALSE,NO,NA,not,1.1848,3.3075
-0.49005085369568935,1.3603,FALSE,NO,NA,not,0.712,22.9245
0.02446153014099581,0.0354,FALSE,NO,NA,not,1.0171,1.0849
-0.8884344550404824,1.8003,TRUE,DOWN,PG 20:5_22:6,sig,0.5402,63.1393
-0.24468509595490195,0.245,FALSE,NO,NA,not,0.844,1.7579
-1.045431429247006,1.4933,FALSE,NO,NA,not,0.4845,31.1387
-0.12045105691922373,0.1646,FALSE,NO,NA,not,0.9199,1.4608
-1.7617022724877127,1.7779,TRUE,DOWN,NA,sig,0.2949,59.9653
-2.4043053931610796,1.5812,FALSE,NO,NA,not,0.1889,38.1241
-0.6943212567577125,2.2204,TRUE,DOWN,PI 16:0_20:4.1,sig,0.618,166.1116
-0.641603738043346,1.0521,FALSE,NO,NA,not,0.641,11.2746
-1.7958592832197748,1.483,FALSE,NO,NA,not,0.288,30.4089
-1.2491362767806597,1.6396,FALSE,NO,NA,not,0.4207,43.6114
-1.8756718649977981,2.9502,TRUE,DOWN,NA,sig,0.2725,891.6615
-0.7053351439087583,1.3328,FALSE,NO,NA,not,0.6133,21.5179
-1.0430512347852514,1.8919,TRUE,DOWN,PI 18:0_22:6,sig,0.4853,77.9651
-0.14576492123383,0.1722,FALSE,NO,NA,not,0.9039,1.4866
-1.3342434173206015,1.0607,FALSE,NO,NA,not,0.3966,11.5001
-1.5407782431771522,1.7157,TRUE,DOWN,NA,sig,0.3437,51.9637
-0.9506480408647084,0.8973,FALSE,NO,NA,not,0.5174,7.8941
-1.0519972847875538,1.0625,FALSE,NO,NA,not,0.4823,11.5478
-0.004768766434361362,0.0047,FALSE,NO,NA,not,0.9967,1.0109
-0.09418701904823434,0.0944,FALSE,NO,NA,not,0.9368,1.2428
-0.7725053491406988,1.6761,TRUE,DOWN,PS 18:0_22:6,sig,0.5854,47.4351
1.9444461883276973,4.3396,TRUE,UP,NA,sig,3.8489,21857.4755
0.5900510387331085,1.9414,TRUE,UP,NA,sig,1.5053,87.3776
0.7539467720877652,2.4251,TRUE,UP,NA,sig,1.6864,266.1338
-0.3346072289581085,0.6829,FALSE,NO,NA,not,0.793,4.8184
-0.672772532238714,1.3136,FALSE,NO,NA,not,0.6273,20.5873
-0.6398043052676419,1.1142,FALSE,NO,NA,not,0.6418,13.0077
-0.34062340452408874,0.5973,FALSE,NO,NA,not,0.7897,3.9564
-0.12374828813717702,0.2316,FALSE,NO,NA,not,0.9178,1.7045
-1.0513991525066444,2.1387,TRUE,DOWN,NA,sig,0.4825,137.6258
-0.5909621430272815,1.6937,TRUE,DOWN,NA,sig,0.6639,49.3969
0.05519565424212462,0.1852,FALSE,NO,NA,not,1.039,1.5318
0.5555216974545579,2.9799,TRUE,UP,NA,sig,1.4697,954.7727
-2.139871485877112,3.2677,TRUE,DOWN,NA,sig,0.2269,1852.2517
-2.417347659966045,3.6333,TRUE,DOWN,NA,sig,0.1872,4298.3324
-2.4619585466663363,3.7174,TRUE,DOWN,NA,sig,0.1815,5216.7497
-1.7651308482946193,3.1059,TRUE,DOWN,NA,sig,0.2942,1276.1449
-2.4884307580275276,3.1559,TRUE,DOWN,NA,sig,0.1782,1431.8582
-2.010424979419093,3.7681,TRUE,DOWN,NA,sig,0.2482,5862.7314
-1.9072513144604761,2.9277,TRUE,DOWN,NA,sig,0.2666,846.6424
-1.2986727425870594,2.7893,TRUE,DOWN,NA,sig,0.4065,615.602
-2.1146599217753344,3.1852,TRUE,DOWN,NA,sig,0.2309,1531.7927
-2.8028894852873036,3.4267,TRUE,DOWN,NA,sig,0.1433,2671.1606
-2.196938324908699,2.9608,TRUE,DOWN,NA,sig,0.2181,913.6924
-0.9148473194368617,2.1348,TRUE,DOWN,NA,sig,0.5304,136.3955
-0.7856264755635457,2.0973,TRUE,DOWN,NA,sig,0.5801,125.1123
-0.588573754273535,1.3734,FALSE,NO,NA,not,0.665,23.6265
-1.0935711406863138,3.2893,TRUE,DOWN,NA,sig,0.4686,1946.7044
-0.2453689997557579,0.6851,FALSE,NO,NA,not,0.8436,4.8428
-1.5500425163719964,2.8127,TRUE,DOWN,NA,sig,0.3415,649.6808
-1.0200478420483303,2.6304,TRUE,DOWN,TG 16:0_16:1_22:6,sig,0.4931,426.9726
-1.498586333124219,2.805,TRUE,DOWN,NA,sig,0.3539,638.2635
-1.496142467422571,2.7945,TRUE,DOWN,NA,sig,0.3545,623.0171
0.14704614341731534,0.2405,FALSE,NO,NA,not,1.1073,1.7398
0.6692082251716382,1.6583,TRUE,UP,NA,sig,1.5902,45.5302
-0.04796469599252799,0.069,FALSE,NO,NA,not,0.9673,1.1722
-0.21658525460113948,0.7636,FALSE,NO,NA,not,0.8606,5.8023
-0.14768148749495644,0.3681,FALSE,NO,NA,not,0.9027,2.334
-2.389866923543938,3.5715,TRUE,DOWN,TG 16:0_18:2_20:5,sig,0.1908,3728.2068
-2.03268380973072,2.9549,TRUE,DOWN,NA,sig,0.2444,901.3636
-0.4613625148293568,1.674,TRUE,DOWN,NA,sig,0.7263,47.2063
-1.25773503295987,2.1702,TRUE,DOWN,NA,sig,0.4182,147.979
-1.4941090702700428,2.435,TRUE,DOWN,NA,sig,0.355,272.2701
0.41066673265765213,0.7492,FALSE,NO,NA,not,1.3293,5.6131
0.0017301961388826133,0.0016,FALSE,NO,NA,not,1.0012,1.0037
8.653574432532448e-4,8e-4,FALSE,NO,NA,not,1.0006,1.0018
-0.54877569787331,1.027,FALSE,NO,NA,not,0.6836,10.6414
1.4412709904385992,2.8919,TRUE,UP,NA,sig,2.7156,779.6506
0.9644356002123312,2.1504,TRUE,UP,NA,sig,1.9513,141.3839
0.7732368120423605,2.2495,TRUE,UP,TG 18:0_18:1_22:6,sig,1.7091,177.6233
1.247866767110353,1.3975,FALSE,NO,NA,not,2.3749,24.9747
-0.2880646430210785,0.4377,FALSE,NO,NA,not,0.819,2.7397
-1.248450585208394,2.5162,TRUE,DOWN,NA,sig,0.4209,328.2464
-0.9621258343388799,2.7744,TRUE,DOWN,TG 18:2_18:2_22:6,sig,0.5133,594.8398
-2.6126374591640045,3.1238,TRUE,DOWN,NA,sig,0.1635,1329.8419
-1.2320910047677418,2.2727,TRUE,DOWN,NA,sig,0.4257,187.37
-1.5075827599241425,2.6716,TRUE,DOWN,NA,sig,0.3517,469.4615
-1.713591944539701,3.8708,TRUE,DOWN,NA,sig,0.3049,7426.7704
-2.3681041409461954,3.4715,TRUE,DOWN,NA,sig,0.1937,2961.42
-1.8762013915373783,3.2053,TRUE,DOWN,NA,sig,0.2724,1604.3533
-1.6501818280241396,3.272,TRUE,DOWN,NA,sig,0.3186,1870.6821
-1.6579004351672157,3.2606,TRUE,DOWN,NA,sig,0.3169,1822.2166
-0.872234671851455,2.4377,TRUE,DOWN,NA,sig,0.5463,273.9681
-1.6989977439671857,2.8502,TRUE,DOWN,NA,sig,0.308,708.2719
-2.154570167148848,2.3366,TRUE,DOWN,NA,sig,0.2246,217.0701
-2.1975999598851605,3.6122,TRUE,DOWN,NA,sig,0.218,4094.4917
-0.6377826225128307,1.063,FALSE,NO,NA,not,0.6427,11.5611
-1.7563309190331373,2.9305,TRUE,DOWN,NA,sig,0.296,852.1185
-0.43869830585463065,0.6548,FALSE,NO,NA,not,0.7378,4.5165
-0.9523220248555244,2.0384,TRUE,DOWN,NA,sig,0.5168,109.2446
-1.3371564825019373,2.8325,TRUE,DOWN,NA,sig,0.3958,679.986
0.023326331860027503,0.0284,FALSE,NO,NA,not,1.0163,1.0676
-0.9102306913664916,3.1794,TRUE,DOWN,NA,sig,0.5321,1511.4716
-1.977099597889921,2.6695,TRUE,DOWN,NA,sig,0.254,467.197
-2.8119789485830515,2.6259,TRUE,DOWN,NA,sig,0.1424,422.5713
-2.159073566696852,2.7405,TRUE,DOWN,NA,sig,0.2239,550.1739
-1.6474674433271037,2.5976,TRUE,DOWN,NA,sig,0.3192,395.9132
0.889629290673427,1.2434,FALSE,NO,NA,not,1.8527,17.5146
0.4044671967630895,0.7337,FALSE,NO,NA,not,1.3236,5.4163
0.01249716268290215,0.0112,FALSE,NO,NA,not,1.0087,1.0261
1.5943574514586927,2.1894,TRUE,UP,NA,sig,3.0196,154.6678
0.4600610209773414,1.7393,TRUE,UP,NA,sig,1.3756,54.8656
0.03139519627553432,0.0529,FALSE,NO,NA,not,1.022,1.1295
-1.2112307783424274,3.5275,TRUE,DOWN,NA,sig,0.4319,3368.9922
-1.2515387669959646,2.4916,TRUE,DOWN,NA,sig,0.42,310.1701
-2.1831136259850803,2.6442,TRUE,DOWN,NA,sig,0.2202,440.7578
-2.3075728019102923,2.7672,TRUE,DOWN,NA,sig,0.202,585.0595
-1.512513650651464,4.1947,TRUE,DOWN,NA,sig,0.3505,15656.6917
-3.0954195650786827,2.651,TRUE,DOWN,NA,sig,0.117,447.7133
-1.3617871145765938,3.3287,TRUE,DOWN,NA,sig,0.3891,2131.572
1.1847880844869727,1.454,FALSE,NO,NA,not,2.2733,28.4446
-3.0185857004000316,2.9808,TRUE,DOWN,NA,sig,0.1234,956.7534
-1.5328248773859807,2.6079,TRUE,DOWN,NA,sig,0.3456,405.4152
1.3853758133599134,1.5678,FALSE,NO,NA,not,2.6124,36.9658
1.267715561951702,1.5915,FALSE,NO,NA,not,2.4078,39.0391
1.1547128137821578,2.0073,TRUE,UP,NA,sig,2.2264,101.6951
1.006549373883862,3.4853,TRUE,UP,NA,sig,2.0091,3057.0321
1.0104934192484527,1.9321,TRUE,UP,NA,sig,2.0146,85.5264
0.811881996218668,2.5658,TRUE,UP,NA,sig,1.7555,367.9595
0.37862259552722705,1.2224,FALSE,NO,NA,not,1.3001,16.6878
0.6171103747447603,1.5986,FALSE,NO,NA,not,1.5338,39.6826
-0.15200309344504995,0.3747,FALSE,NO,NA,not,0.9,2.3697
-0.37183300071367614,0.8777,FALSE,NO,NA,not,0.7728,7.5457
-0.7269019108215087,2.4496000000000002,TRUE,DOWN,NA,sig,0.6042,281.5788
-1.2249916123844051,3.5565,TRUE,DOWN,NA,sig,0.4278,3601.6375
-1.7326439882161124,3.8014,TRUE,DOWN,NA,sig,0.3009,6329.9459
-1.2736919092345147,3.5326,TRUE,DOWN,NA,sig,0.4136,3408.7881
-2.224991612384405,4.0051,TRUE,DOWN,NA,sig,0.2139,10118.124100000001
-2.0320936297098533,3.9194,TRUE,DOWN,NA,sig,0.2445,8306.1544
1.0621217119077975,2.2195,TRUE,UP,NA,sig,2.088,165.7677
0.8498391734649472,1.9525,TRUE,UP,NA,sig,1.8023,89.6396
0.2076430126865326,0.5591,FALSE,NO,NA,not,1.1548,3.6233
0.3692710400250943,1.108,FALSE,NO,NA,not,1.2917,12.8233
-0.8298185422347496,2.3591,TRUE,DOWN,NA,sig,0.5626,228.6125
-2.023856359953367,3.7777,TRUE,DOWN,NA,sig,0.2459,5993.769
1.745710621988001,4.3579,TRUE,UP,NA,sig,3.3536,22798.1706
-0.9342898359347342,1.1536,FALSE,NO,NA,not,0.5233,14.243
